{"total_energy":166.973400196981,"power_avg":0.4112645325048793,"duration":40.6}