{"total_energy":179.1766741833687,"power_avg":3.81226966347593,"duration":47}