{"total_energy":160.66062416791868,"power_avg":0.3871340341395631,"duration":41.5}