{"total_energy":169.93063959352898,"power_avg":0.38974917337965365,"duration":43.6}