{"total_energy":163.157980160856,"power_avg":0.40586562229068657,"duration":40.2}