{"total_energy":172.3861969226593,"power_avg":0.39178681118786207,"duration":44}