{"total_energy":172.10223464751184,"power_avg":0.4097672253512187,"duration":42}