{"total_energy":172.0071318444008,"power_avg":0.3856662148977596,"duration":44.6}