{"total_energy":159.16030303614122,"power_avg":0.4112669329099256,"duration":38.7}