{"total_energy":162.77292091076322,"power_avg":0.3875545735970553,"duration":42}