{"total_energy":162.3078954892393,"power_avg":0.39781346933637085,"duration":40.8}