{"total_energy":147.27384142756466,"power_avg":0.8273811316155318,"duration":35.6}