{"total_energy":164.31993878173787,"power_avg":0.4027449479944556,"duration":40.8}