{"total_energy":173.61546494174004,"power_avg":3.774249237863914,"duration":46}