{"total_energy":160.56316190323767,"power_avg":0.38229324262675635,"duration":42}