{"total_energy":170.92520673251158,"power_avg":3.715765363750252,"duration":46}