{"total_energy":171.53391465632853,"power_avg":0.38633764562236156,"duration":44.4}