{"total_energy":161.41760942087163,"power_avg":0.7542878944900543,"duration":42.8}