{"total_energy":164.7004405178543,"power_avg":0.3848141133594727,"duration":42.8}