{"total_energy":151.84358166885363,"power_avg":0.7991767456255454,"duration":38}