{"total_energy":164.3026349344011,"power_avg":0.4017179338249416,"duration":40.9}