{"total_energy":169.07587571191786,"power_avg":3.675562515476475,"duration":46}