{"total_energy":149.9781235939026,"power_avg":0.7977559765633118,"duration":37.6}