{"total_energy":165.8373843464851,"power_avg":4.606594009624586,"duration":36}