{"total_energy":160.86301752984483,"power_avg":0.3913942032356322,"duration":41.1}