{"total_energy":162.9505564523694,"power_avg":0.39170806839511874,"duration":41.6}