{"total_energy":158.61424839045975,"power_avg":0.41413641877404633,"duration":38.3}