{"total_energy":163.523319297051,"power_avg":0.39214225251091367,"duration":41.7}