{"total_energy":154.96724243865003,"power_avg":0.8113468190505237,"duration":38.2}