{"total_energy":163.49981965804042,"power_avg":0.3997550602886074,"duration":40.9}