{"total_energy":162.4210238329883,"power_avg":0.3913759610433453,"duration":41.5}