{"total_energy":168.03793297040409,"power_avg":0.39725279662034063,"duration":42.3}