{"total_energy":172.90524074366027,"power_avg":0.38423386831924505,"duration":45}