{"total_energy":168.09241223335266,"power_avg":3.6541828746381015,"duration":46}