{"total_energy":156.31858054511508,"power_avg":0.39374957316149894,"duration":39.7}