{"total_energy":157.20708368997532,"power_avg":0.3910623972387446,"duration":40.2}