{"total_energy":162.16925358638747,"power_avg":0.8068122068974501,"duration":40.2}