{"total_energy":161.33099237537382,"power_avg":4.36029709122632,"duration":37}