{"total_energy":177.67449308848379,"power_avg":3.780308363584761,"duration":47}