{"total_energy":144.4687825872898,"power_avg":4.249081840802641,"duration":34}