{"total_energy":156.6080964005464,"power_avg":0.39250149473821155,"duration":39.9}