{"total_energy":165.269103676891,"power_avg":0.39163294710163743,"duration":42.2}