{"total_energy":159.17575057430233,"power_avg":0.7879987652193184,"duration":40.4}