{"total_energy":167.92879527695123,"power_avg":0.37484106088605185,"duration":44.8}