{"total_energy":172.10714268562742,"power_avg":0.3920436052064406,"duration":43.9}