{"total_energy":160.54105169429718,"power_avg":0.4148347588999927,"duration":38.7}