{"total_energy":164.5984768123626,"power_avg":0.78380227053506,"duration":42}