{"total_energy":157.0007033999443,"power_avg":0.8051318123074067,"duration":39}