{"total_energy":161.25468171288924,"power_avg":0.4041470719621284,"duration":39.9}