{"total_energy":142.73421817493437,"power_avg":4.198065240439246,"duration":34}