{"total_energy":160.50427387053918,"power_avg":0.38675728643503415,"duration":41.5}