{"total_energy":157.90017175240476,"power_avg":0.400761857239606,"duration":39.4}