{"total_energy":161.0701799175496,"power_avg":0.39000043563571335,"duration":41.3}