{"total_energy":167.68349252362208,"power_avg":0.390870611943175,"duration":42.9}