{"total_energy":160.10385625858274,"power_avg":0.4012627976405582,"duration":39.9}