{"total_energy":168.1202970173353,"power_avg":0.41511184448724764,"duration":40.5}