{"total_energy":171.71254618997534,"power_avg":0.7665738669195328,"duration":44.8}