{"total_energy":161.7702293982263,"power_avg":0.40543917142412605,"duration":39.9}