{"total_energy":143.81285912227625,"power_avg":4.2297899741845955,"duration":34}