{"total_energy":150.110108027935,"power_avg":4.288860229369572,"duration":35}