{"total_energy":160.15065856637938,"power_avg":0.8212854285455352,"duration":39}