{"total_energy":164.55566572947495,"power_avg":0.794954906905676,"duration":41.4}