{"total_energy":176.2332871980901,"power_avg":0.3978178040588941,"duration":44.3}