{"total_energy":180.7237766845462,"power_avg":0.4154569578955085,"duration":43.5}